{"cameraMode":{"drawMode":0,"name":"Shaded","section":"Shading Mode"},"sceneLighting":true,"audioPlay":false,"sceneViewState":{"showFog":true,"showMaterialUpdate":false,"showSkybox":true,"showFlares":true,"showImageEffects":true,"showParticleSystems":true},"in2DMode":false,"pivot":{"x":5.534759521484375,"y":0.7237634658813477,"z":9.314083099365235},"rotation":{"x":-0.1350107192993164,"y":0.5306719541549683,"z":-0.08608059585094452,"w":-0.8323157429695129},"size":15.305610656738282,"orthographic":false}