{"cameraMode":{"drawMode":0,"name":"Shaded","section":"Shading Mode"},"sceneLighting":false,"audioPlay":false,"sceneViewState":{"showFog":true,"showMaterialUpdate":false,"showSkybox":true,"showFlares":true,"showImageEffects":true,"showParticleSystems":true},"in2DMode":false,"pivot":{"x":0.0,"y":1.2300000190734864,"z":2.043100118637085},"rotation":{"x":-0.10452529788017273,"y":0.7961869835853577,"z":-0.14390289783477784,"w":-0.5783188939094544},"size":0.2857882082462311,"orthographic":false}