{"cameraMode":{"drawMode":0,"name":"Shaded","section":"Shading Mode"},"sceneLighting":true,"audioPlay":false,"sceneViewState":{"showFog":true,"showMaterialUpdate":false,"showSkybox":true,"showFlares":true,"showImageEffects":true,"showParticleSystems":true},"in2DMode":false,"pivot":{"x":-0.1965203434228897,"y":-0.09098315238952637,"z":0.23331189155578614},"rotation":{"x":-0.00033055536914616823,"y":0.9612452983856201,"z":-0.2756919860839844,"w":-0.001152635202743113},"size":2.390367031097412,"orthographic":false}